<?xml version="1.0" encoding="UTF-8" standalone="yes"?>
<bento version="4.0">
    <library label="P90X Phase 1 Portion Chart" ID="6632" icon_set="com.filemaker.bento.iconset.generic">
        <domain name="lib_blank" ID="6634">
            <field label="Date Created" ID="6641" type="com.filemaker.bento.field.private.timestamp.dateCreated" name="gnDateCreated"/>
            <field label="Date Modified" ID="6649" type="com.filemaker.bento.field.private.timestamp.dateModified" name="gnDateModified"/>
            <field label="columnDivider" ID="6668" type="com.filemaker.bento.field.layout.columnDivider" name="columnDividerGnField"/>
            <field label="Proteins" ID="6675" type="com.filemaker.bento.field.core.choice" name="proteinsGnField" choices="&lt;?xml version=&quot;1.0&quot; encoding=&quot;UTF-8&quot;?>
&lt;!DOCTYPE plist PUBLIC &quot;-//Apple//DTD PLIST 1.0//EN&quot; &quot;http://www.apple.com/DTDs/PropertyList-1.0.dtd&quot;>
&lt;plist version=&quot;1.0&quot;>
&lt;array>
	&lt;string>0&lt;/string>
	&lt;string>1&lt;/string>
	&lt;string>2&lt;/string>
	&lt;string>3&lt;/string>
	&lt;string>4&lt;/string>
	&lt;string>5&lt;/string>
&lt;/array>
&lt;/plist>
"/>
            <field label="Dairy" ID="6681" type="com.filemaker.bento.field.core.choice" name="dairyGnField" choices="&lt;?xml version=&quot;1.0&quot; encoding=&quot;UTF-8&quot;?>
&lt;!DOCTYPE plist PUBLIC &quot;-//Apple//DTD PLIST 1.0//EN&quot; &quot;http://www.apple.com/DTDs/PropertyList-1.0.dtd&quot;>
&lt;plist version=&quot;1.0&quot;>
&lt;array>
	&lt;string>0&lt;/string>
	&lt;string>1&lt;/string>
	&lt;string>2&lt;/string>
&lt;/array>
&lt;/plist>
"/>
            <field label="Fruit" ID="6687" type="com.filemaker.bento.field.core.checkbox" name="fruitGnField"/>
            <field label="Vegetables" ID="6692" type="com.filemaker.bento.field.core.choice" name="vegetablesGnField" choices="&lt;?xml version=&quot;1.0&quot; encoding=&quot;UTF-8&quot;?>
&lt;!DOCTYPE plist PUBLIC &quot;-//Apple//DTD PLIST 1.0//EN&quot; &quot;http://www.apple.com/DTDs/PropertyList-1.0.dtd&quot;>
&lt;plist version=&quot;1.0&quot;>
&lt;array>
	&lt;string>0&lt;/string>
	&lt;string>1&lt;/string>
	&lt;string>2&lt;/string>
&lt;/array>
&lt;/plist>
"/>
            <field label="Fats" ID="6698" type="com.filemaker.bento.field.core.checkbox" name="fatsGnField"/>
            <field label="Carbs" ID="6703" type="com.filemaker.bento.field.core.checkbox" name="carbsGnField"/>
            <field label="Snacks" ID="6708" type="com.filemaker.bento.field.core.choice" name="snacksGnField" choices="&lt;?xml version=&quot;1.0&quot; encoding=&quot;UTF-8&quot;?>
&lt;!DOCTYPE plist PUBLIC &quot;-//Apple//DTD PLIST 1.0//EN&quot; &quot;http://www.apple.com/DTDs/PropertyList-1.0.dtd&quot;>
&lt;plist version=&quot;1.0&quot;>
&lt;array>
	&lt;string>0&lt;/string>
	&lt;string>1&lt;/string>
	&lt;string>2&lt;/string>
	&lt;string>3&lt;/string>
&lt;/array>
&lt;/plist>
"/>
            <field label="Condiments" ID="6714" type="com.filemaker.bento.field.core.checkbox" name="condimentsGnField"/>
            <views>
                <table showGridLines="no"/>
                <grid gridSize="64"/>
                <presentation label="Untitled Form" webScriptSafeFormLabel="Untitled Form" version="1" order="0" type="com.filemaker.bento.presentation.view.core.form" labelLocation="1" displayType="0">
                    <presentationCell name="columnDividerGnField" fieldID="6668" label="columnDivider" dataEditable="no" version="0" order="0" type="com.filemaker.bento.presentation.cell.form.core.layout.column" visible="no" width="378" height="0" flowDirection="0" displayType="0" displayX="2" displayY="0" displayWidth="402" displayHeight="0"/>
                    <presentationCell name="gnDateCreated" fieldID="6641" label="Date Created" dataEditable="no" version="0" order="0" type="com.filemaker.bento.presentation.cell.form.core.text.formatted.timestamp.date" visible="no" width="360" height="21" flowDirection="2" displayType="0" displayX="2" displayY="2" displayWidth="378" displayHeight="68"/>
                    <presentationCell name="gnDateModified" fieldID="6649" label="Date Modified" dataEditable="no" version="0" order="1" type="com.filemaker.bento.presentation.cell.form.core.text.formatted.timestamp.date" visible="no" width="360" height="21" flowDirection="1" displayType="0" displayX="2" displayY="70" displayWidth="378" displayHeight="68"/>
                </presentation>
            </views>
        </domain>
    </library>
</bento>